id,code,company_name,benefit_name,issue,expiry_date,research_month,expiry_type,category,brands,source_url,secondary_source_url,checked_on,status,notes,issuer_id,search_brand,emoji,verification_method
4661-2026-08-seed,4661,オリエンタルランド,ディズニーパス,,2026-08-31,2026-08,利用期限,leisure,,,,2026-10-05,confirmed,2026-10-05 ユーザー承認：情報提供者確認済み。期限月確認済み、日付・対象発行回は未登録,,,,user
8136-2026-08-seed,8136,サンリオ,優待入場券,,2026-08-31,2026-08,利用期限,leisure,,,,2026-10-05,confirmed,2026-10-05 ユーザー承認：情報提供者確認済み。期限月確認済み、日付・対象発行回は未登録,,,,user
3046-2026-08-seed,3046,JINSホールディングス,優待買物券,,2026-08-31,2026-08,利用期限,shopping,,,,2026-10-05,confirmed,2026-10-05 ユーザー承認：情報提供者確認済み。期限月確認済み、日付・対象発行回は未登録,,,,user
3313-2026-08-seed,3313,ブックオフグループホールディングス,買物優待券,,2026-08-31,2026-08,利用期限,shopping,,,,2026-10-05,confirmed,2026-10-05 ユーザー承認：情報提供者確認済み。期限月確認済み、日付・対象発行回は未登録,,,,user
9433-2026-08-seed,9433,KDDI,カタログWeb申込,,2026-08-31,2026-08,申込期限,catalog,,,,2026-10-05,confirmed,2026-10-05 ユーザー承認：情報提供者確認済み。期限月確認済み、日付・対象発行回は未登録,,,,user
3003-2026-08-seed,3003,ヒューリック,カタログ申込,,2026-08-31,2026-08,申込期限,catalog,,,,2026-10-05,confirmed,2026-10-05 ユーザー承認：情報提供者確認済み。期限日確認済み、対象発行回は未登録,,,,user
2792-2026-08-seed,2792,ハニーズホールディングス,優待券,,2026-08-31,2026-08,利用期限,shopping,,,,2026-10-05,confirmed,2026-10-05 ユーザー承認：情報提供者確認済み。期限月確認済み、日付・対象発行回は未登録,,,,user
2686-2026-08-seed,2686,ジーフット,優待券,,2026-08-31,2026-08,利用期限,shopping,,,,2026-10-05,confirmed,2026-10-05 ユーザー承認：情報提供者確認済み。期限月確認済み、日付・対象発行回は未登録,,,,user
7445-2026-08-seed,7445,ライトオン,優待券,,2026-08-31,2026-08,利用期限,shopping,,,,2026-10-05,confirmed,2026-10-05 ユーザー承認：情報提供者確認済み。期限月確認済み、日付・対象発行回は未登録,,,,user
8207-2026-08-seed,8207,テンアライド,優待券,,2026-08-31,2026-08,利用期限,dining,,,,2026-10-05,confirmed,2026-10-05 ユーザー承認：情報提供者確認済み。期限月確認済み、日付・対象発行回は未登録,,,,user
7780-2026-08-seed,7780,メニコン,優待券,,2026-08-31,2026-08,利用期限,shopping,,,,2026-10-05,confirmed,2026-10-05 ユーザー承認：情報提供者確認済み。期限月確認済み、日付・対象発行回は未登録,,,,user
9701-2026-08-seed,9701,東京會舘,優待食事券,,2026-08-31,2026-08,利用期限,dining,,,,2026-10-05,confirmed,2026-10-05 ユーザー承認：情報提供者確認済み。期限月確認済み、日付・対象発行回は未登録,,,,user
3067-2026-09-seed,3067,東京一番フーズ,とらふぐ亭コース券,,2026-09-30,2026-09,利用期限,dining,,,,2026-10-05,confirmed,2026-10-05 ユーザー承認：情報提供者確認済み。期限月確認済み、日付・対象発行回は未登録,,,,user
2702-2026-09-seed,2702,日本マクドナルドホールディングス,食事券,,2026-09-30,2026-09,利用期限,dining,,,,2026-10-05,confirmed,2026-10-05 ユーザー承認：情報提供者確認済み。期限月確認済み、日付・対象発行回は未登録,mcd,,,user
3197-2026-09-seed,3197,すかいらーくホールディングス,食事券,,2026-09-30,2026-09,利用期限,dining,,,,2026-10-05,confirmed,2026-10-05 ユーザー承認：情報提供者確認済み。期限月確認済み、日付・対象発行回は未登録,skylark,,,user
3097-2026-09-seed,3097,物語コーポレーション,株主優待券,,2026-09-30,2026-09,利用期限,dining,,,,2026-10-05,confirmed,2026-10-05 ユーザー承認：情報提供者確認済み。期限月確認済み、日付・対象発行回は未登録,monogatari,,,user
7616-2026-09-seed,7616,コロワイド,株主優待ポイント,,2026-09-30,2026-09,ポイント失効,dining,,,,2026-10-05,confirmed,2026-10-05 ユーザー承認：情報提供者確認済み。期限月確認済み、日付・対象発行回は未登録,colowide,,,user
8179-2026-09-seed,8179,ロイヤルホールディングス,株主優待券,,2026-09-30,2026-09,利用期限,dining,,,,2026-10-05,confirmed,2026-10-05 ユーザー承認：情報提供者確認済み。期限月確認済み、日付・対象発行回は未登録,,,,user
3196-2026-09-seed,3196,ホットランド,株主優待券,,2026-09-30,2026-09,利用期限,dining,,,,2026-10-05,confirmed,2026-10-05 ユーザー承認：情報提供者確認済み。期限月確認済み、日付・対象発行回は未登録,,,,user
3082-2026-09-seed,3082,きちりホールディングス,株主優待券,,2026-09-30,2026-09,利用期限,dining,,,,2026-10-05,confirmed,2026-10-05 ユーザー承認：情報提供者確認済み。期限月確認済み、日付・対象発行回は未登録,,,,user
7809-2026-09-seed,7809,壽屋,株主優待券,,2026-09-30,2026-09,利用期限,shopping,,,,2026-10-05,confirmed,2026-10-05 ユーザー承認：情報提供者確認済み。期限月確認済み、日付・対象発行回は未登録,,,,user
3418-2026-09-seed,3418,バルニバービ,飲食券・電子チケット等,,2026-09-30,2026-09,利用期限,dining,,,,2026-10-08,confirmed,2026-10-05 ユーザー訂正反映。2026-10-08 再確認：利用期限2026年9月30日。,balnibarbi,,🍽️,user
3148-2026-09-seed,3148,クリエイトSDホールディングス,お買物券,,2026-09-30,2026-09,利用期限,shopping,,,,2026-10-05,confirmed,2026-10-05 ユーザー承認：情報提供者確認済み。期限月確認済み、日付・対象発行回は未登録,,,,user
7936-2026-09-seed,7936,アシックス,株主優待,,2026-09-30,2026-09,利用期限,shopping,,,,2026-10-05,confirmed,2026-10-05 ユーザー承認：情報提供者確認済み。期限月確認済み、日付・対象発行回は未登録,,,,user
3028-2026-09-seed,3028,アルペン,株主優待券,,2026-09-30,2026-09,利用期限,shopping,,,,2026-10-05,confirmed,2026-10-05 ユーザー承認：情報提供者確認済み。期限月確認済み、日付・対象発行回は未登録,,,,user
3544-2026-09-seed,3544,サツドラホールディングス,株主優待,,2026-09-30,2026-09,利用期限,shopping,,,,2026-10-05,confirmed,2026-10-05 ユーザー承認：情報提供者確認済み。期限月確認済み、日付・対象発行回は未登録,,,,user
3549-2026-09-seed,3549,クスリのアオキホールディングス,株主優待,,2026-09-30,2026-09,利用期限,shopping,,,,2026-10-05,confirmed,2026-10-05 ユーザー承認：情報提供者確認済み。期限月確認済み、日付・対象発行回は未登録,,,,user
7135-2026-09-seed,7135,ジャパンクラフトホールディングス,株主優待券,,2026-09-30,2026-09,利用期限,shopping,,,,2026-10-05,confirmed,2026-10-05 ユーザー承認：情報提供者確認済み。期限月確認済み、日付・対象発行回は未登録,,,,user
8165-2026-09-seed,8165,千趣会,株主優待券,,2026-09-30,2026-09,利用期限,shopping,,,,2026-10-05,confirmed,2026-10-05 ユーザー承認：情報提供者確認済み。期限月確認済み、日付・対象発行回は未登録,,,,user
6965-2026-09-seed,6965,浜松ホトニクス,株主優待,,2026-09-30,2026-09,利用期限,leisure,,,,2026-10-05,confirmed,2026-10-05 ユーザー承認：情報提供者確認済み。期限月確認済み、日付・対象発行回は未登録,,,,user
2418-2026-09-seed,2418,ツカダ・グローバルホールディング,株主優待,,2026-09-30,2026-09,利用期限,leisure,,,,2026-10-05,confirmed,2026-10-05 ユーザー承認：情報提供者確認済み。期限月確認済み、日付・対象発行回は未登録,,,,user
6036-2026-09-seed,6036,KeePer技研,株主優待,,2026-09-30,2026-09,利用期限,leisure,,,,2026-10-05,confirmed,2026-10-05 ユーザー承認：情報提供者確認済み。期限月確認済み、日付・対象発行回は未登録,,,,user
7140-2026-09-seed,7140,ペットゴー,株主優待,,2026-09-30,2026-09,利用期限,shopping,,,,2026-10-05,confirmed,2026-10-05 ユーザー承認：情報提供者確認済み。期限月確認済み、日付・対象発行回は未登録,,,,user
9656-2026-09-seed,9656,グリーンランドリゾート,入園券または温泉浴場,,2026-09-30,2026-09,利用期限,leisure,,,,2026-10-05,confirmed,2026-10-05 ユーザー承認：情報提供者確認済み。期限月確認済み、日付・対象発行回は未登録,,,,user
4936-2026-09-seed,4936,アクシージア,株主優待申込,,2026-09-30,2026-09,申込期限,catalog,,,,2026-10-05,confirmed,2026-10-05 ユーザー承認：情報提供者確認済み。期限月確認済み、日付・対象発行回は未登録,,,,user
3034-2026-09-seed,3034,クオールホールディングス,株主優待申込,,2026-09-30,2026-09,申込期限,catalog,,,,2026-10-05,confirmed,2026-10-05 ユーザー承認：情報提供者確認済み。期限月確認済み、日付・対象発行回は未登録,,,,user
3175-2026-09-seed,3175,APホールディングス,株主優待,,2026-09-30,2026-09,利用期限,dining,,,,2026-10-05,confirmed,2026-10-05 ユーザー承認：情報提供者確認済み。期限月確認済み、日付・対象発行回は未登録,,,,user
7412-2026-12-seed,7412,アトム,株主優待ポイント,発行回要確認,2026-12-31,2026-12,ポイント失効,dining,,,,,checking,ユーザー訂正：9月末ではなく12月まで。正確な失効日・付与回・公式根拠は要確認,,,,
9672-2026-10-seed,9672,東京都競馬,東京サマーランド 株主優待券1Dayパス（春秋限定）,,2026-10-12,2026-10,利用期限,leisure,東京サマーランド,https://tokyotokeiba.co.jp/ir/stock/preference/,,2026-10-05,confirmed,,,,🎡,user
4680-2026-10-seed,4680,ラウンドワン,株主優待500円割引券,,2026-10-15,2026-10,利用期限,leisure,ラウンドワン,https://www.round1-group.co.jp/ir/stock-information/special-benefit/,,2026-10-05,confirmed,,,,🎳,user
3193-2026-10-seed,3193,エターナルホスピタリティグループ,鳥貴族・TORIKI BURGER食事券,2026年1月末基準日分,2026-10-31,2026-10,利用期限,dining,鳥貴族|TORIKI BURGER,https://eternal-hospitality.co.jp/ir/preferential/,,2026-10-05,confirmed,2026-10-05 ユーザー訂正反映,,,🐔,user
2294-2026-10-1,2294,柿安本店,株主優待券,,2026-10-31,2026-10,利用期限,dining,柿安,,,2026-10-05,confirmed,2026-10-05 ユーザー訂正反映,,,🍽️,user
3063-2026-10-1,3063,ジェイグループHD,食事券,,2026-10-31,2026-10,利用期限,dining,,,,2026-10-05,confirmed,2026-10-05 ユーザー訂正反映,,,🍺,user
3053-2026-10-1,3053,ペッパーフードサービス,いきなり！ステーキ優待券,,2026-10-31,2026-10,利用期限,dining,いきなり！ステーキ,,,2026-10-05,confirmed,2026-10-05 ユーザー訂正反映,,,🥩,user
7585-2026-10-1,7585,かんなんまる,株主優待券,,2026-10-31,2026-10,利用期限,dining,,,,2026-10-05,confirmed,2026-10-05 ユーザー訂正反映,,,🍶,user
9887-2026-10-1,9887,松屋フーズホールディングス,株主優待食事券,,2026-10-31,2026-10,利用期限,dining,松屋,,,2026-10-05,checking,／シートに存在しない履歴行。現行の期限として表示しない。,,,🍚,user
7682-2026-10-1,7682,浜木綿,"優待券1,000円券",,2026-10-31,2026-10,利用期限,dining,浜木綿,,,2026-10-05,confirmed,2026-10-05 ユーザー訂正反映,,,🥟,user
7678-2026-10-1,7678,あさくま,"食事券1,000円券",,2026-10-31,2026-10,利用期限,dining,あさくま,,,2026-10-05,confirmed,2026-10-05 ユーザー訂正反映,,,🥩,user
3134-2026-10-1,3134,Hamee,株主優待クーポン,,2026-10-31,2026-10,利用期限,shopping,,,,2026-10-05,confirmed,優待IDも同日失効。,,,🛍️,user
9731-2026-10-1,9731,白洋舎,クリーニング30％OFF券,,2026-10-31,2026-10,利用期限,leisure,白洋舎,,,2026-10-05,confirmed,,,,👔,user
9731-2026-10-2,9731,白洋舎,クリーニング無料券,,2026-10-31,2026-10,利用期限,leisure,白洋舎,,,2026-10-05,confirmed,,,,👔,user
9978-2026-10-1,9978,文教堂グループホールディングス,株主優待カード,,2026-10-31,2026-10,利用期限,shopping,文教堂,,,2026-10-05,confirmed,,,,📚,user
3172-2026-10-1,3172,ティーライフ,株主優待券,,2026-10-31,2026-10,利用期限,shopping,,,,2026-10-05,confirmed,,,,🍵,user
6577-2026-10-1,6577,ベストワンドットコム,"ベストワンクルーズ 株主優待券 5,000円",,2026-10-31,2026-10,予約期限,leisure,ベストワンクルーズ,,,2026-10-05,confirmed,旅行日ではなく予約期限。,,,🚢,user
9404-2026-10-1,9404,日本テレビホールディングス,Hulu 株主優待チケット,,2026-10-31,2026-10,登録期限,leisure,Hulu,,,2026-10-05,confirmed,,,,📺,user
3663-2026-10-1,3663,セルシス,CLIP STUDIO PAINT EX アクティベーションコード,,2026-10-31,2026-10,申込期限,leisure,CLIP STUDIO PAINT EX,,,2026-10-05,confirmed,,,,🎨,user
8928-2026-10-1,8928,穴吹興産,株主優待カタログ,,2026-10-30,2026-10,申込期限,catalog,,,,2026-10-05,confirmed,2026年10月30日必着。,,,🎁,user
7630-2026-11-1,7630,壱番屋,株主優待食事券,,2026-11-30,2026-11,利用期限,dining,,,,2026-10-05,confirmed,期限月まで確認済み。日付は未登録。,,,🍽️,user
3387-2026-11-1,3387,クリエイト・レストランツ・ホールディングス,株主優待食事券,,2026-11-30,2026-11,利用期限,dining,,,,2026-10-06,confirmed,2026-10-06 ユーザー確認：使用期限2026年11月30日。既存情報優先で統合,create,,🍽️,user
3198-2026-11-1,3198,SFPホールディングス,株主優待食事券,,2026-11-30,2026-11,利用期限,dining,,,,2026-10-06,confirmed,2026-10-06 ユーザー確認：使用期限2026年11月30日。既存情報優先で統合,,,🍽️,user
7127-2026-11-1,7127,一家ホールディングス,株主優待食事券,,,2026-11,利用期限,dining,,,,2026-10-05,checking,期限月まで確認済み。日付は未登録。／シートに存在しない履歴行。現行の期限として表示しない。,,,🍽️,user
9979-2026-11-1,9979,大庄,株主優待食事券,,2026-11-30,2026-11,利用期限,dining,,,,2026-10-06,confirmed,2026-10-06 ユーザー確認：使用期限2026年11月30日。既存情報優先で統合,,,🍽️,user
9850-2026-11-1,9850,グルメ杵屋,株主優待食事券,,2026-11-30,2026-11,利用期限,dining,,,,2026-10-05,confirmed,期限月まで確認済み。日付は未登録。,kineya,,🍽️,user
7616-2026-12-1,7616,コロワイド,株主優待ポイント,,2026-12-31,2026-12,ポイント失効,dining,,,,2026-10-05,confirmed,期限月まで確認済み。日付は未登録。,colowide,,🍽️,user
7421-2026-12-1,7421,カッパ・クリエイト,株主優待ポイント,,2026-12-31,2026-12,ポイント失効,dining,かっぱ寿司,,,2026-10-05,confirmed,期限月まで確認済み。日付は未登録。,,,🍽️,user
9828-2026-12-1,9828,Genki Global Dining Concepts,株主優待食事券,,2026-12-31,2026-12,利用期限,dining,元気寿司,,,2026-10-05,confirmed,期限月まで確認済み。日付は未登録。,,,🍽️,user
8163-2026-12-1,8163,SRSホールディングス,株主優待券,2026年3月末基準・2026年6月発行分,2026-12-31,2026-12,利用期限,dining,,https://srsholdings.com/pages/ir-shareholder-program,,2026-10-09,confirmed,公式案内：6月発行券は同年12月31日まで。,srs,,🍽️,official
9936-2026-12-1,9936,王将フードサービス,株主優待券,,2026-12-31,2026-12,利用期限,dining,餃子の王将,,,2026-10-05,confirmed,期限月まで確認済み。日付は未登録。,,,🍽️,user
3221-2027-01-1,3221,ヨシックスホールディングス,株主優待券,,2027-01-31,2027-01,利用期限,dining,,,,2026-10-05,confirmed,,,,🍽️,user
417a-2027-06-1,417A,ブルーゾーンホールディングス,ヤオコー 株主優待券,,2027-06-30,2027-06,利用期限,shopping,ヤオコー,,,2026-10-05,confirmed,,,,🛒,user
9616-2027-07-discount,9616,共立メンテナンス,株主様ご優待割引電子チケット,2026年3月末基準・2026年7月発送分,2027-07-31,2027-07,利用期限,dining,,https://www.kyoritsugroup.co.jp/ir/stock/benefits/,,2026-10-07,confirmed,2026-10-07 ユーザー情報：2027年7月31日期限の券が到着済み。公式制度確認。株主お食事（ランチ）券とは別券。,kyoritsu,,,official
9616-2027-07-resort,9616,共立メンテナンス,株主様リゾートホテルご優待電子チケット,2026年3月末基準・2026年7月発送分,2027-07-31,2027-07,利用期限,leisure,共立リゾート,https://www.kyoritsugroup.co.jp/ir/stock/benefits/,,2026-10-07,confirmed,2026年3月末基準・7月発送分は翌年7月31日まで。公式制度確認。専用サイトまたは電話で優待プランの事前予約が必要。ドーミーイン・御宿 野乃は対象外。,kyoritsu,,,official
1925-2027-06-common,1925,大和ハウス工業,株主優待 共通商品券,2026年3月末基準・2026年6月発送分,2027-06-30,2027-06,利用期限,leisure,ダイワロイネットホテルズ、ラ・ジェント・ホテル、ホテル日航大分 オアシスタワー,https://www.daiwahouse.co.jp/ir/yutai/pdf/guide_1.pdf,,2026-10-08,confirmed,2026年度公式しおりで2027年6月30日までと確認。券面・予約条件をご確認ください。,daiwa-house,,,official
9024-2026-11-free-pair,9024,西武ホールディングス,西武プリンスホテルズ＆リゾーツ 無料ペア宿泊券（1泊）,2026年5月発送分,2026-11-30,2026-11,利用期限,leisure,プリンスホテル等,https://www.seibuholdings.co.jp/assets/pdf/benefit_20260909_2.pdf,https://www.seibuholdings.co.jp/ir/stock/benefit/,2026-10-08,confirmed,公式対象施設PDF確認。施設・部屋により1・2・4枚必要。適用除外日あり。,seibu,,,official
7458-2027-02-1,7458,第一興商,株主ご優待券,2026年3月末基準・2026年6月送付分,2027-02-28,2027-02,利用期限,dining,DKダイニング,https://www.dkkaraoke.co.jp/stockinfo/shareholdercoupon.html,,2026-10-08,confirmed,公式確認：2026年6月送付分から有効期間8か月。外食対象店舗を検索に登録。,daiichikosho,,,official
5261-2027-07-1,5261,リソルホールディングス,RESOLファミリー商品券,2026年3月末基準・2026年7月送付分,2027-07-31,2027-07,利用期限,leisure,ホテルリソル等,https://www.resol.jp/ir/kabunushi/2026/,,2026-10-08,confirmed,利用期間2026年8月1日〜2027年7月31日。株主カード必須。公式直接予約。,resol,,,official
8934-2027-06-1,8934,サンフロンティア不動産,株主様ご優待割引券,2026年3月末基準・2026年6月送付分,2027-06-30,2027-06,利用期限,leisure,日和ホテル・たびのホテル等,https://www.sunfrt.co.jp/ir/stock_information/shareholder_benefits/,,2026-10-08,confirmed,利用期間2026年7月1日〜2027年6月30日。公式予約＋電話連絡、現地決済、株主情報記入必須。,sunfrontier,,,official
8923-2027-02-1,8923,トーセイ,ホテル宿泊割引券,2025年11月末基準・2026年2月送付分,2027-02-28,2027-02,利用期限,leisure,トーセイホテル ココネ・ホテル＆セミナー幕張,https://www.toseicorp.co.jp/ir/individual/incentive/,,2026-10-09,confirmed,利用期間2026年3月1日〜2027年2月28日。宿泊利用日が基準。公式直接予約・現地決済。千葉中央は対象外。,tosei,,,official
6547-2027-03-1,6547,グリーンズ,株主様ご優待割引券,2025年12月末基準・2026年3月送付分,2027-03-31,2027-03,利用期限,leisure,コンフォートホテル・グリーンズホテルズ等,https://kk-greens.jp/ir/stock-info/dividend_benefit/,,2026-10-09,confirmed,"発行翌年3月末まで。1室1泊5,000円分まで。現地決済・事前決済不可。",greens,,,official
3772-2027-08-voucher,3772,ウェルス・マネジメント,株主様ご優待券,有効期限2027年8月31日券（券面画像確認・権利基準日未特定）,2027-08-31,2027-08,利用期限,leisure,ホテルエミシア札幌・京都の対象ホテル・イビス大阪梅田等,https://www.wealth-mngt.com/ir/return.html,https://www.ticketonline.jp/view/item/000000006391,2026-10-09,confirmed,発行会社の優待券面画像に2027年8月31日の記載を確認（金券ショップ掲載画像）。公式サイトには期限の明記なし。発行回は推定しない。手持ち券面を確認。複数枚利用可・直接予約・現地決済。,wealth,,,official
3479-2027-02-1,3479,TKP,ご優待宿泊券,2026年2月末基準・2026年贈呈分,2027-02-28,2027-02,利用期限,leisure,レクトーレ・ISHINOYA・アジュール竹芝・TKPサンライフホテル等,https://www.tkp.jp/ir/stock/benefit.html,,2026-10-09,confirmed,公式に2027年2月28日までと明記。公式サイトまたは電話で直接予約・現地精算。複数枚利用可、おつりなし。外部予約サイト・旅行代理店経由、他キャンペーン・クーポン券との併用不可。,tkp,,,official
8125-2027-05-1,8125,ワキタ,ホテルコルディア利用券（電子チケット）,2026年6月1日利用開始分,2027-05-31,2027-05,利用期限,leisure,ホテルコルディア大阪・ホテルコルディア大阪本町,https://www.wakita.co.jp/ir/share_information/return/,,2026-10-09,confirmed,2026年6月1日～2027年5月31日の宿泊分。公式ページの2026年電子化案内を優先（同ページFAQには旧年度の期限も残存）。公式サイトでウェブ予約または電話予約、現地払い限定。事前カード決済・外部予約サイト経由・航空券／新幹線セット予約は対象外。,wakita,,,official
9416-2027-03-booking,9416,ビジョン,株主優待券（クーポンコード）,2025年12月末基準・2026年3月送付分,2027-03-31,2027-03,申込期限,leisure,ビジョングランピングリゾート山中湖・美肌の湯こしかの温泉,https://www.vision-net.co.jp/stocks,,2026-10-09,confirmed,"宿泊期限は2027-06-20宿泊分まで（当日を含む連泊可）。申込期限とは異なる。株主専用ダイヤルで電話予約。1室1泊あたり最大29,000円分割引。食事などのオプション・入湯税は対象外。同年発行券のみ併用可。",vision,,,official
9416-2027-09-booking,9416,ビジョン,株主優待券（クーポンコード）,2026年6月末基準・2026年9月送付分,2027-09-30,2027-09,申込期限,leisure,ビジョングランピングリゾート山中湖・美肌の湯こしかの温泉,https://www.vision-net.co.jp/stocks,,2026-10-09,confirmed,"宿泊期限は2027-12-20宿泊分まで（当日を含む連泊可）。申込期限とは異なる。株主専用ダイヤルで電話予約。1室1泊あたり最大29,000円分割引。食事などのオプション・入湯税は対象外。同年発行券のみ併用可。",vision,,,official
9850-2028-05-electronic,9850,グルメ杵屋,株主優待お食事券（電子チケット）,2026年3月末基準・2026年6月発行分,2028-05-31,2028-05,利用期限,dining,杵屋・そじ坊・魚べい・元気寿司・JBイレブン等,https://www.gourmet-kineya-hd.co.jp/ir/shareholder/,,2026-10-09,confirmed,2026年6月発行分。公式案内の2028年5月31日を反映。券面・電子アカウントの期限を確認。,kineya,,🍽️,official
arkland-old-2026-11-1,9842,アークランズ,かつや等の優待券,2026年2月末基準・2026年5月発送分,2026-11-30,2026-11,利用期限,dining,かつや,https://www.arclands.co.jp/ja/ir/stock/yuutai/main/01/teaserItems1/0/link/tenpo_2025-10.pdf,,2026-10-09,confirmed,2026-10-06 ユーザー確認：アークランズ（9842）へ修正。既存優待内容を維持／使用期限2026年11月30日。対象発行回未登録,arclands,,🐷,official
9887-2027-06-1,9887,松屋フーズホールディングス,株主様お食事ご優待券,,2027-06-30,2027-06,利用期限,dining,松屋,,,2026-10-06,confirmed,2026-10-05 ユーザー訂正：2026年10月→2027年6月／2026-10-06 手入力追加行を統合。ユーザー確認：内容・期限は100%間違いなし。,matsuya,,🍚,user
7127-2026-12-1,7127,一家ホールディングス,お食事ご優待券,,2026-12-31,2026-12,利用期限,dining,,,,2026-10-05,confirmed,2026-10-05 ユーザー訂正：2026年11月→12月,,,🍺,user
2910-2026-10-1,2910,ロック・フィールド,おそうざい券,,2026-10-31,2026-10,利用期限,dining,,,,2026-10-05,confirmed,2026-10-05 ユーザー提供の正本を反映,,,🥗,user
3091-2026-10-1,3091,ブロンコビリー,株主ご優待券,,2026-10-31,2026-10,利用期限,dining,,,,2026-10-05,confirmed,発行時期による／2026-10-05 ユーザー提供の正本を反映,,,🥩,user
7522-2026-11-1,7522,ワタミ,株主様ご優待券,,2026-11-30,2026-11,利用期限,dining,,,,2026-10-06,confirmed,2026-10-06 ユーザー確認：使用期限2026年11月30日。既存情報優先で統合,,,🍺,user
2751-2026-12-24,2751,テンポスホールディングス,株主優待食事券,,2026-12-24,2026-12,利用期限,dining,,,,2026-10-05,confirmed,期限日12月24日／2026-10-05 ユーザー提供の正本を反映,,,🍴,user
3329-2027-01-1,3329,東和フードサービス,優待食事券,,2027-01-31,2027-01,利用期限,dining,,,,2026-10-05,confirmed,2026-10-05 ユーザー提供の正本を反映,,,☕,user
3091-2027-04-1,3091,ブロンコビリー,株主ご優待券,,2027-04-30,2027-04,利用期限,dining,,,,2026-10-05,confirmed,2026-10-05 ユーザー提供の正本を反映,,,🥩,user
7611-2027-05-1,7611,ハイデイ日高,株主ご優待券,,2027-05-31,2027-05,利用期限,dining,日高屋|焼鳥日高|来来軒|中華一番|らーめん日高|大衆酒場日高|大衆食堂日高|屋台料理台南,https://www.hiday.co.jp/ir/index6.html,https://www.ticketonline.jp/view/item/000000003301,2026-10-06,confirmed,会社名・優待名・カテゴリは適正。期限2027年5月31日は券販売情報で確認（公式優待ページに具体的な有効期限の記載なし）。利用ブランドは公式グループ一覧と一致。対象発行回未登録。,,,,user
9861-2026-11-1,9861,吉野家ホールディングス,株主様ご優待券,2025年8月末基準日分（2025年11月送付分）,2026-11-30,2026-11,利用期限,dining,吉野家|はなまるうどん|千吉|鶏千|炒王|ばり嗎|とりの助|風雲丸|キラメキノトリ,https://www.yoshinoya-holdings.com/ir/info/dividend/,,2026-10-06,confirmed,"2026年11月30日期限は公式FAQの2025年11月送付分（翌年11月末まで）に整合。利用ブランドを公式優待案内に補正。一部対象外店舗あり。キラメキノトリは優待券2枚でラーメン1杯。手入力時のブランド一覧：吉野家, はなまるうどん, うまげな, たけつよ, 星が丘製麺所, せたが屋, ひるがお, ふくもり, 俺式純, 福み屋, 頑黒, THE GYORO, しんせん, 神やぐら, 宗, バリうま, 鶏之助, 風雲丸, ブタトン, 宝, キラメキノトリ, かるびのとりこ, もうとりこ, でいから, チャオ, 千吉, とりせん, カヤバー",yoshinoya,,,user
3048-2026-11-1,3048,ビックカメラ,株主優待お買物券,,2026-11-30,2026-11,利用期限,shopping,,,,2026-10-06,confirmed,2026-10-06 ユーザー提供画像・使用期限11月30日の指示に基づき登録。対象発行回未登録,,,,user
7513-2026-11-1,7513,コジマ,株主優待お買物券,,2026-11-30,2026-11,利用期限,shopping,,,,2026-10-06,confirmed,2026-10-06 ユーザー提供画像・使用期限11月30日の指示に基づき登録。対象発行回未登録,,,,user
9202-2026-11-1,9202,ANAホールディングス,株主優待番号ご案内書,,2026-11-30,2026-11,利用期限,other,,,,2026-10-06,confirmed,2026-10-06 ユーザー提供画像・使用期限11月30日の指示に基づき登録。対象発行回未登録,,,,user
9201-2026-11-1,9201,日本航空,株主割引券,,2026-11-30,2026-11,利用期限,other,,,,2026-10-06,confirmed,2026-10-06 ユーザー提供画像・使用期限11月30日の指示に基づき登録。対象発行回未登録,,,,user
3372-2026-11-1,3372,関門海,株主優待券,,2026-11-30,2026-11,利用期限,dining,,,,2026-10-06,confirmed,2026-10-06 ユーザー提供画像・使用期限11月30日の指示に基づき登録。対象発行回未登録,,,,user
2157-2026-11-1,2157,コシダカホールディングス,株主優待券,,2026-11-30,2026-11,利用期限,leisure,,,,2026-10-06,confirmed,2026-10-06 ユーザー提供画像・使用期限11月30日の指示に基づき登録。対象発行回未登録,,,,user
9946-2026-11-1,9946,ミニストップ,株主優待券,,2026-11-30,2026-11,利用期限,dining,,,,2026-10-06,confirmed,2026-10-06 ユーザー提供画像・使用期限11月30日の指示に基づき登録。対象発行回未登録,,,,user
2927-2026-11-1,2927,AFC-HDアムスライフサイエンス,株主優待券,,2026-11-30,2026-11,利用期限,shopping,,,,2026-10-06,confirmed,2026-10-06 ユーザー提供画像・使用期限11月30日の指示に基づき登録。対象発行回未登録,,,,user
8185-2026-11-1,8185,チヨダ,株主優待割引券,,2026-11-30,2026-11,利用期限,shopping,,,,2026-10-06,confirmed,2026-10-06 ユーザー提供画像・使用期限11月30日の指示に基づき登録。対象発行回未登録,,,,user
2305-2026-11-1,2305,スタジオアリス,株主写真撮影券,,2026-11-30,2026-11,利用期限,leisure,,,,2026-10-06,confirmed,2026-10-06 ユーザー提供画像・使用期限11月30日の指示に基づき登録。対象発行回未登録,,,,user
3548-2026-11-1,3548,バロックジャパンリミテッド,株主優待クーポン,,2026-11-30,2026-11,利用期限,shopping,,,,2026-10-06,confirmed,2026-10-06 ユーザー提供画像・使用期限11月30日の指示に基づき登録。対象発行回未登録,,,,user
6630-2026-11-1,6630,ヤーマン,株主優待割引券,,2026-11-30,2026-11,利用期限,shopping,,,,2026-10-06,confirmed,2026-10-06 ユーザー提供画像・使用期限11月30日の指示に基づき登録。対象発行回未登録,,,,user
3557-2026-11-1,3557,ユナイテッド＆コレクティブ,株主優待券,,2026-11-30,2026-11,利用期限,dining,,,,2026-10-06,confirmed,2026-10-06 ユーザー提供画像・使用期限11月30日の指示に基づき登録。対象発行回未登録,,,,user
4848-2026-11-1,4848,フルキャストホールディングス,株主優待券,,2026-11-30,2026-11,利用期限,dining,,,,2026-10-06,confirmed,2026-10-06 ユーザー提供画像・使用期限11月30日の指示に基づき登録。対象発行回未登録,,,,user
9052-2026-11-1,9052,山陽電気鉄道,株主優待乗車証・優待券,,2026-11-30,2026-11,利用期限,other,,,,2026-10-06,confirmed,2026-10-06 ユーザー提供画像・使用期限11月30日の指示に基づき登録。対象発行回未登録,,,,user
9046-2026-11-1,9046,神戸電鉄,株主優待乗車証・優待券,,2026-11-30,2026-11,利用期限,other,,,,2026-10-06,confirmed,2026-10-06 ユーザー提供画像・使用期限11月30日の指示に基づき登録。対象発行回未登録,,,,user
9007-2026-11-1,9007,小田急電鉄,株主優待乗車証・優待券,,2026-11-30,2026-11,利用期限,other,,,,2026-10-06,confirmed,2026-10-06 ユーザー提供画像・使用期限11月30日の指示に基づき登録。対象発行回未登録,,,,user
3232-2026-11-1,3232,三重交通グループホールディングス,株主優待券,,2026-11-30,2026-11,利用期限,other,,,,2026-10-06,confirmed,2026-10-06 ユーザー提供画像・使用期限11月30日の指示に基づき登録。対象発行回未登録,,,,user
9005-2026-11-1,9005,東急,株主優待乗車証・優待券,,2026-11-30,2026-11,利用期限,other,,,,2026-10-06,confirmed,2026-10-06 ユーザー提供画像・使用期限11月30日の指示に基づき登録。対象発行回未登録,,,,user
9024-2026-11-1,9024,西武ホールディングス,株主優待券,,2026-11-30,2026-11,利用期限,other,,,,2026-10-06,confirmed,2026-10-06 ユーザー提供画像・使用期限11月30日の指示に基づき登録。対象発行回未登録,,,,user
6498-2026-11-1,6498,キッツ,株主優待券,,2026-11-30,2026-11,利用期限,leisure,,,,2026-10-06,confirmed,2026-10-06 ユーザー提供画像・使用期限11月30日の指示に基づき登録。対象発行回未登録,,,,user
3391-2026-11-1,3391,ツルハホールディングス,株主優待券,,2026-11-30,2026-11,利用期限,shopping,,,,2026-10-06,confirmed,2026-10-06 ユーザー提供画像・使用期限11月30日の指示に基づき登録。対象発行回未登録,,,,user
2340-2026-11-1,2340,極楽湯ホールディングス,株主優待券,,2026-11-30,2026-11,利用期限,leisure,,,,2026-10-06,confirmed,2026-10-06 ユーザー提供画像・使用期限11月30日の指示に基づき登録。対象発行回未登録,,,,user
7683-2026-11-1,7683,ダブルエー,株主優待券,,2026-11-30,2026-11,利用期限,shopping,,,,2026-10-06,confirmed,2026-10-06 ユーザー提供画像・使用期限11月30日の指示に基づき登録。対象発行回未登録,,,,user
9903-2026-11-1,9903,カンセキ,株主優待割引券,,2026-11-30,2026-11,利用期限,shopping,,,,2026-10-06,confirmed,2026-10-06 ユーザー提供画像・使用期限11月30日の指示に基づき登録。対象発行回未登録,,,,user
3320-2026-11-1,3320,クロスプラス,株主優待クーポン,,2026-11-30,2026-11,利用期限,shopping,,,,2026-10-06,confirmed,2026-10-06 ユーザー提供画像・使用期限11月30日の指示に基づき登録。対象発行回未登録,,,,user
8273-2026-11-1,8273,イズミ,株主優待券,,2026-11-30,2026-11,利用期限,shopping,,,,2026-10-06,confirmed,2026-10-06 ユーザー提供画像・使用期限11月30日の指示に基づき登録。対象発行回未登録,,,,user
8233-2026-11-1,8233,高島屋,株主優待カード,,2026-11-30,2026-11,利用期限,shopping,,,,2026-10-06,confirmed,2026-10-06 ユーザー提供画像・使用期限11月30日の指示に基づき登録。対象発行回未登録,,,,user
8841-2026-11-1,8841,テーオーシー,株主優待券,,2026-11-30,2026-11,利用期限,leisure,,,,2026-10-06,confirmed,2026-10-06 ユーザー提供画像・使用期限11月30日の指示に基づき登録。対象発行回未登録,,,,user
8276-2026-11-1,8276,平和堂,株主優待券,,2026-11-30,2026-11,利用期限,shopping,,,,2026-10-06,confirmed,2026-10-06 ユーザー提供画像・使用期限11月30日の指示に基づき登録。対象発行回未登録,,,,user
9993-2026-11-1,9993,ヤマザワ,株主優待買物券,,2026-11-30,2026-11,利用期限,shopping,,,,2026-10-06,confirmed,2026-10-06 ユーザー提供画像・使用期限11月30日の指示に基づき登録。対象発行回未登録,,,,user
4718-2026-11-1,4718,早稲田アカデミー,株主優待券,,2026-11-30,2026-11,利用期限,other,,,,2026-10-06,confirmed,2026-10-06 ユーザー提供画像・使用期限11月30日の指示に基づき登録。対象発行回未登録,,,,user
2678-2026-11-1,2678,アスクル,ロハコ500円引×4回分,,2026-11-16,2026-11,利用期限,shopping,LOHACO,https://lohaco.yahoo.co.jp/help/coupon/coupon_sh/,,2026-10-09,confirmed,使用期限2026年11月16日18:00／2026-10-06 ユーザー確認済み。対象発行回未登録／2026-10-09 ユーザー追加：ロハコ500円引×4回分を既存行に統合。,,,,user
7616-2027-06-1,7616,コロワイド,株主優待ポイント,,2027-06-30,2027-06,ポイント失効,dining,,,,2026-10-06,confirmed,2026-10-06 ユーザー確認：追加行の内容・期限は100%間違いなし。,colowide,,,user
7616-2027-09-1,7616,コロワイド,株主優待ポイント,,2027-09-30,2027-09,ポイント失効,dining,,,,2026-10-06,confirmed,2026-10-06 ユーザー確認：追加行の内容・期限は100%間違いなし。,colowide,,,user
3197-2027-09-1,3197,すかいらーくホールディングス,食事券,,2027-09-30,2027-09,利用期限,dining,,,,2026-10-06,confirmed,2026-10-06 ユーザー確認：追加行の内容・期限は100%間違いなし。,skylark,,,user
7550-2026-12-1,7550,ゼンショーホールディングス,株主様お食事ご優待券,,2026-12-31,2026-12,利用期限,dining,,,,2026-10-06,confirmed,2026-10-06 ユーザー確認：追加行の内容・期限は100%間違いなし。,zensho,,,user
3397-2026-12-1,3397,トリドールホールディングス,株主様お食事ご優待券,,2026-12-31,2026-12,利用期限,dining,,,,2026-10-06,confirmed,2026-10-06 ユーザー確認：追加行の内容・期限は100%間違いなし。,toridoll,,,user
3097-2027-09-1,3097,物語コーポレーション,株主様ご優待券,,2027-09-30,2027-09,利用期限,dining,,,,2026-10-06,confirmed,2026-10-06 ユーザー確認：追加行の内容・期限は100%間違いなし。,monogatari,,,user
3178-2026-11-digital,3178,チムニー,株主様お食事券（デジタルクーポン）,2026年3月末基準・2026年6月23日発送分,2026-11-30,2026-11,利用期限,dining,はなの舞・さかなや道場・魚鮮水産等,https://www.chimney.co.jp/ir/stock/stock_02/,,2026-10-09,confirmed,2026年3月31日権利分。6月23日発送。デジタル食事券の利用期限は11月30日。優待品を選ぶ場合の申込期限は10月31日（別条件）。,,,,user
3543-2026-11-komeca,3543,コメダホールディングス,株主優待電子マネー（KOMECA）,2025年8月末基準・2025年12月1日チャージ分,2026-11-30,2026-11,利用期限,dining,コメダ珈琲店・おかげ庵等,https://komeda-holdings.co.jp/ir/pdf/20260513_komeca_faq.pdf,,2026-10-09,confirmed,2025年8月末権利分の優待チャージは2025年12月1日～2026年11月30日。自己チャージ分とは有効期限が異なる。,,,,user
9347-2026-11-catalog,9347,日本管財ホールディングス,株主優待ギフトカタログ,2026年3月末基準・2026年6月送付分,2026-11-30,2026-11,申込期限,catalog,,https://www.nkanzaihd.co.jp/ir/conditions/,https://yutakun-kabu.com/9347nihon_kanzai260301/,2026-10-09,confirmed,2026年3月権利分。申込期限11月30日はユーザーの11月末メモと現物受領者の報告で一致。会社公式サイトでは個別申込期限未確認のため、手元の申込ハガキも確認。,,,,user
8803-2026-10-catalog,8803,平和不動産,大丸松坂屋フリーチョイスギフト（WEBカタログ）,2026年3月末基準・2026年6月送付分,2026-10-31,2026-10,申込期限,catalog,,https://heiwa-net-benefit.jp/ec/giftLgLogin.html,https://www.heiwa-net.co.jp/ir/stock/benefit.html,2026-10-09,confirmed,株主優待WEB申込サイトに2026年10月31日23:59を明記。2026年3月末基準分。,,,,user
8200-2027-02-points,8200,リンガーハット,長崎ちゃんぽん他（電子株主優待ポイント）,,2027-02-01,2027-02,利用期限,dining,リンガーハット|濵かつ|長崎卓袱浜勝,https://www.ringerhut.co.jp/ir/investor/stocks_compliment.php,,2026-10-10,confirmed,2026-10-10 ユーザー入力の利用期限2027-02-01を反映。リンク先公式ページは一般的な優待制度の案内であり、2027年期限の個別公式告知は未確認。券面・ポイント画面で期限と発行回を確認。,ringerhut,リンガーハット,,user
